{
  "current-scene": "52a17a76-aecc-4753-86cc-be8c2e725e41",
  "gizmos-infos": {
    "iconGizmoSize": 2,
    "isGridVisible": true,
    "isIconGizmo3D": false
  },
  "float-window": {
    "position": {
      "cc": {
        "CameraComponent": {
          "bottom": 10,
          "dock": false,
          "left": null,
          "right": 10,
          "top": null
        }
      }
    }
  },
  "camera-infos": {
    "52a17a76-aecc-4753-86cc-be8c2e725e41": {
      "position": {
        "x": 57.0038519701053,
        "y": 35.64103444413284,
        "z": -25.60192075063819
      },
      "rotation": {
        "w": -0.6003852737530803,
        "x": 0.22815140304875012,
        "y": -0.7130584286310198,
        "z": -0.25862222483973607
      },
      "viewCenter": {
        "x": 3.5570562642868033,
        "y": -10.89682651342875,
        "z": -15.961244118931148
      }
    },
    "f46876e4-e81b-4931-b493-6d367be385e7": {
      "position": {
        "x": 196.28119951952874,
        "y": 203.39006541201124,
        "z": -15.329310949015877
      },
      "rotation": {
        "w": 0.7414727705068207,
        "x": -0.30375855772333993,
        "y": 0.5541053002688342,
        "z": 0.2187549279229571
      },
      "viewCenter": {
        "x": 21.103099478973206,
        "y": 27.176043148403693,
        "z": -65.76946042073017
      }
    }
  },
  "camera-uuids": [
    "52a17a76-aecc-4753-86cc-be8c2e725e41"
  ]
}
